{"is_source_file": true, "format": "Python", "description": "This file implements an interactive command-line shell for browsing and querying an SQLite database named 'myapp.db'. It supports commands for listing tables, showing schemas, describing table structures, executing SQL queries, and provides help information.", "external_files": ["sqlite3"], "external_methods": ["sqlite3.connect", "cursor.execute", "cursor.fetchall", "cursor.fetchone"], "published": ["print_help", "list_tables", "show_schema", "describe_table", "execute_query", "main"], "classes": [], "methods": [{"name": "print_help()", "description": "Prints help information about shell commands.", "scope": "", "scopeKind": ""}, {"name": "list_tables(cursor)", "description": "Fetches and displays all table names in the database.", "scope": "", "scopeKind": ""}, {"name": "show_schema(cursor, table_name=None)", "description": "Displays the CREATE statements for specific or all tables.", "scope": "", "scopeKind": ""}, {"name": "describe_table(cursor, table_name)", "description": "Shows the structure of a specified table.", "scope": "", "scopeKind": ""}, {"name": "execute_query(cursor, query)", "description": "Executes a given SQL query and displays the results or affected rows.", "scope": "", "scopeKind": ""}, {"name": "main()", "description": "Runs the interactive database shell, handling user input and command execution.", "scope": "", "scopeKind": ""}], "calls": ["sqlite3.connect", "cursor.execute", "cursor.fetchall", "cursor.fetchone", "print", "input", "sys.exit"], "search-terms": ["db_shell", "interactive shell", "sqlite", "schema", "describe", "list tables", "SQL commands"], "state": 2, "file_id": 8, "knowledge_revision": 17, "git_revision": "4e11b808df66637d5957ce61ae55614034131619", "ctags": [{"_type": "tag", "name": "DB_NAME", "path": "/home/kavia/workspace/code-generation/react-quiz-builder-and-tester-201741-201752/database/db_shell.py", "pattern": "/^DB_NAME = \"myapp.db\"$/", "language": "Python", "kind": "variable"}, {"_type": "tag", "name": "describe_table", "path": "/home/kavia/workspace/code-generation/react-quiz-builder-and-tester-201741-201752/database/db_shell.py", "pattern": "/^def describe_table(cursor, table_name):$/", "language": "Python", "kind": "function", "signature": "(cursor, table_name)"}, {"_type": "tag", "name": "execute_query", "path": "/home/kavia/workspace/code-generation/react-quiz-builder-and-tester-201741-201752/database/db_shell.py", "pattern": "/^def execute_query(cursor, query):$/", "language": "Python", "kind": "function", "signature": "(cursor, query)"}, {"_type": "tag", "name": "list_tables", "path": "/home/kavia/workspace/code-generation/react-quiz-builder-and-tester-201741-201752/database/db_shell.py", "pattern": "/^def list_tables(cursor):$/", "language": "Python", "kind": "function", "signature": "(cursor)"}, {"_type": "tag", "name": "main", "path": "/home/kavia/workspace/code-generation/react-quiz-builder-and-tester-201741-201752/database/db_shell.py", "pattern": "/^def main():$/", "language": "Python", "kind": "function", "signature": "()"}, {"_type": "tag", "name": "print_help", "path": "/home/kavia/workspace/code-generation/react-quiz-builder-and-tester-201741-201752/database/db_shell.py", "pattern": "/^def print_help():$/", "language": "Python", "kind": "function", "signature": "()"}, {"_type": "tag", "name": "show_schema", "path": "/home/kavia/workspace/code-generation/react-quiz-builder-and-tester-201741-201752/database/db_shell.py", "pattern": "/^def show_schema(cursor, table_name=None):$/", "language": "Python", "kind": "function", "signature": "(cursor, table_name=None)"}], "hash": "7a5a132ab2db661e22c5eb4827332833", "format-version": 4, "code-base-name": "database", "filename": "database/db_shell.py", "fields": [{"name": "DB_NAME = \"myapp.db\"", "scope": "", "scopeKind": "", "description": "unavailable"}], "revision_history": [{"17": "4e11b808df66637d5957ce61ae55614034131619"}]}