{"is_source_file": true, "format": "HTML", "description": "This is an HTML source file implementing a web-based database viewer interface with embedded CSS and JavaScript for dynamic interaction, including database and table selection, data fetching, and rendering.", "external_files": [], "external_methods": [], "published": [], "classes": [], "methods": [], "calls": ["fetch", "document.querySelector", "document.querySelectorAll", "setAttribute", "classList.add", "classList.remove", "classList.toggle", "innerHTML", "innerText", "JSON.stringify", "JSON.parse"], "search-terms": ["Database Viewer Interface", "HTML", "embedded JavaScript", "CSS styling", "AJAX data fetch", "dynamic table rendering", "interactive database selection", "responsive grid", "data expansion"], "state": 2, "file_id": 6, "knowledge_revision": 15, "git_revision": "4e11b808df66637d5957ce61ae55614034131619", "hash": "ee63333a4841bf025439c755a74c9881", "format-version": 4, "code-base-name": "database", "filename": "database/db_visualizer/public/index.html", "revision_history": [{"15": "4e11b808df66637d5957ce61ae55614034131619"}]}