{"is_source_file": true, "format": "bash", "description": "This is a shell script for restoring various types of databases (SQLite, PostgreSQL, MySQL, MongoDB) from backup files. It detects the backup type and performs the appropriate restore operation, checking for the presence of specific backup files and database server statuses.", "external_files": ["database_backup.db", "database_backup.sql", "database_backup.archive"], "external_methods": ["cp", "ls", "sudo -u postgres pg_isready", "psql", "mysqladmin", "mysql", "mongosh", "mongorestore"], "published": [], "classes": [], "methods": [], "calls": ["cp", "ls", "sudo -u postgres pg_isready", "psql", "mysqladmin", "mysql", "mongosh", "mongorestore", "echo", "exit"], "search-terms": ["restore_db", "database_restore_script", "backup_detection", "sqlite_restore", "postgresql_restore", "mysql_restore", "mongodb_restore", "backup_files"], "state": 2, "file_id": 9, "knowledge_revision": 14, "git_revision": "4e11b808df66637d5957ce61ae55614034131619", "hash": "d42c3e6cbc3bbd627e3c08afcf4183ec", "format-version": 4, "code-base-name": "database", "filename": "database/restore_db.sh", "revision_history": [{"14": "4e11b808df66637d5957ce61ae55614034131619"}]}