{"is_source_file": true, "format": "bash", "description": "This file is a shell script that performs automated backups for various types of databases including SQLite, PostgreSQL, MySQL, and MongoDB. It detects which database is running and creates a corresponding backup.", "external_files": ["/usr/lib/postgresql/", "/var/run/mysqld/mysqld.sock"], "external_methods": ["ls", "cp", "sudo", "pg_isready", "pg_dump", "mysqladmin", "mysql", "mysqldump", "mongosh", "mongodump"], "published": [], "classes": [], "methods": [], "calls": ["ls", "cp", "pg_isready", "pg_dump", "mysqladmin", "mysql", "mysqldump", "mongosh", "mongodump"], "search-terms": ["backup_db.sh", "database backup", "SQLite", "PostgreSQL", "MySQL", "MongoDB", "database detection", "database backup script"], "state": 2, "file_id": 7, "knowledge_revision": 13, "git_revision": "4e11b808df66637d5957ce61ae55614034131619", "hash": "d7da372b768c895a33088027314656c3", "format-version": 4, "code-base-name": "database", "filename": "database/backup_db.sh", "revision_history": [{"13": "4e11b808df66637d5957ce61ae55614034131619"}]}