{"is_source_file": false, "format": "", "description": "", "external_files": [], "external_methods": [], "published": [], "classes": [], "methods": [], "calls": [], "search-terms": ["react-quiz-builder-and-tester-201741-201752", "README.md"], "state": 2, "file_id": 1, "knowledge_revision": 11, "git_revision": "f45115a327a2e9aceb514e180459aeef63bbfa37", "hash": "08ef88299eecfe389ac923b663c51fcf", "format-version": 4, "code-base-name": "database", "filename": "README.md", "revision_history": [{"11": "f45115a327a2e9aceb514e180459aeef63bbfa37"}]}